location_name,age_group_name,cause_id,cause_name,rei_id,rei_name,year_id,year_start_id,year_end_id,metric_id,metric_name,metric_numerator_name,metric_denominator_name,val,upper,lower,Latitude,Longitude
Armenia,Age-standardized,1029,Total cancers,169,All risk factors,2019,,,,Relative uncertainty in the percent of risk-attributable rate,Difference between 97.5% percentile and 2.5% percentile of age-standardized rate attributable to risks assessed,Total cancer age-standardized rate mean,0.159399032,,,40.069099,45.038189
Azerbaijan,Age-standardized,1029,Total cancers,169,All risk factors,2019,,,,Relative uncertainty in the percent of risk-attributable rate,Difference between 97.5% percentile and 2.5% percentile of age-standardized rate attributable to risks assessed,Total cancer age-standardized rate mean,0.226541925,,,40.143105,47.576927
Georgia,Age-standardized,1029,Total cancers,169,All risk factors,2019,,,,Relative uncertainty in the percent of risk-attributable rate,Difference between 97.5% percentile and 2.5% percentile of age-standardized rate attributable to risks assessed,Total cancer age-standardized rate mean,0.175258073,,,32.1656221,-82.9000751
Kazakhstan,Age-standardized,1029,Total cancers,169,All risk factors,2019,,,,Relative uncertainty in the percent of risk-attributable rate,Difference between 97.5% percentile and 2.5% percentile of age-standardized rate attributable to risks assessed,Total cancer age-standardized rate mean,0.180321168,,,48.019573,66.923684
Kyrgyzstan,Age-standardized,1029,Total cancers,169,All risk factors,2019,,,,Relative uncertainty in the percent of risk-attributable rate,Difference between 97.5% percentile and 2.5% percentile of age-standardized rate attributable to risks assessed,Total cancer age-standardized rate mean,0.199887085,,,41.20438,74.766098
Mongolia,Age-standardized,1029,Total cancers,169,All risk factors,2019,,,,Relative uncertainty in the percent of risk-attributable rate,Difference between 97.5% percentile and 2.5% percentile of age-standardized rate attributable to risks assessed,Total cancer age-standardized rate mean,0.232494844,,,46.862496,103.846656
Tajikistan,Age-standardized,1029,Total cancers,169,All risk factors,2019,,,,Relative uncertainty in the percent of risk-attributable rate,Difference between 97.5% percentile and 2.5% percentile of age-standardized rate attributable to risks assessed,Total cancer age-standardized rate mean,0.32827314,,,38.861034,71.276093
Turkmenistan,Age-standardized,1029,Total cancers,169,All risk factors,2019,,,,Relative uncertainty in the percent of risk-attributable rate,Difference between 97.5% percentile and 2.5% percentile of age-standardized rate attributable to risks assessed,Total cancer age-standardized rate mean,0.197849592,,,38.969719,59.556278
Uzbekistan,Age-standardized,1029,Total cancers,169,All risk factors,2019,,,,Relative uncertainty in the percent of risk-attributable rate,Difference between 97.5% percentile and 2.5% percentile of age-standardized rate attributable to risks assessed,Total cancer age-standardized rate mean,0.224331402,,,41.377491,64.585262
Albania,Age-standardized,1029,Total cancers,169,All risk factors,2019,,,,Relative uncertainty in the percent of risk-attributable rate,Difference between 97.5% percentile and 2.5% percentile of age-standardized rate attributable to risks assessed,Total cancer age-standardized rate mean,0.164860729,,,41.153332,20.168331
Bosnia and Herzegovina,Age-standardized,1029,Total cancers,169,All risk factors,2019,,,,Relative uncertainty in the percent of risk-attributable rate,Difference between 97.5% percentile and 2.5% percentile of age-standardized rate attributable to risks assessed,Total cancer age-standardized rate mean,0.142428197,,,43.915886,17.679076
Bulgaria,Age-standardized,1029,Total cancers,169,All risk factors,2019,,,,Relative uncertainty in the percent of risk-attributable rate,Difference between 97.5% percentile and 2.5% percentile of age-standardized rate attributable to risks assessed,Total cancer age-standardized rate mean,0.127375356,,,42.733883,25.48583
Croatia,Age-standardized,1029,Total cancers,169,All risk factors,2019,,,,Relative uncertainty in the percent of risk-attributable rate,Difference between 97.5% percentile and 2.5% percentile of age-standardized rate attributable to risks assessed,Total cancer age-standardized rate mean,0.139631539,,,45.1,15.2
Czechia,Age-standardized,1029,Total cancers,169,All risk factors,2019,,,,Relative uncertainty in the percent of risk-attributable rate,Difference between 97.5% percentile and 2.5% percentile of age-standardized rate attributable to risks assessed,Total cancer age-standardized rate mean,0.161871544,,,49.817492,15.472962
Hungary,Age-standardized,1029,Total cancers,169,All risk factors,2019,,,,Relative uncertainty in the percent of risk-attributable rate,Difference between 97.5% percentile and 2.5% percentile of age-standardized rate attributable to risks assessed,Total cancer age-standardized rate mean,0.119121686,,,47.162494,19.503304
Montenegro,Age-standardized,1029,Total cancers,169,All risk factors,2019,,,,Relative uncertainty in the percent of risk-attributable rate,Difference between 97.5% percentile and 2.5% percentile of age-standardized rate attributable to risks assessed,Total cancer age-standardized rate mean,0.112913803,,,42.708678,19.37439
North Macedonia,Age-standardized,1029,Total cancers,169,All risk factors,2019,,,,Relative uncertainty in the percent of risk-attributable rate,Difference between 97.5% percentile and 2.5% percentile of age-standardized rate attributable to risks assessed,Total cancer age-standardized rate mean,0.150672186,,,41.608635,21.745275
Poland,Age-standardized,1029,Total cancers,169,All risk factors,2019,,,,Relative uncertainty in the percent of risk-attributable rate,Difference between 97.5% percentile and 2.5% percentile of age-standardized rate attributable to risks assessed,Total cancer age-standardized rate mean,0.137814629,,,51.919438,19.145136
Romania,Age-standardized,1029,Total cancers,169,All risk factors,2019,,,,Relative uncertainty in the percent of risk-attributable rate,Difference between 97.5% percentile and 2.5% percentile of age-standardized rate attributable to risks assessed,Total cancer age-standardized rate mean,0.123791252,,,45.943161,24.96676
Serbia,Age-standardized,1029,Total cancers,169,All risk factors,2019,,,,Relative uncertainty in the percent of risk-attributable rate,Difference between 97.5% percentile and 2.5% percentile of age-standardized rate attributable to risks assessed,Total cancer age-standardized rate mean,0.129500147,,,44.016521,21.005859
Slovakia,Age-standardized,1029,Total cancers,169,All risk factors,2019,,,,Relative uncertainty in the percent of risk-attributable rate,Difference between 97.5% percentile and 2.5% percentile of age-standardized rate attributable to risks assessed,Total cancer age-standardized rate mean,0.153430001,,,48.669026,19.699024
Slovenia,Age-standardized,1029,Total cancers,169,All risk factors,2019,,,,Relative uncertainty in the percent of risk-attributable rate,Difference between 97.5% percentile and 2.5% percentile of age-standardized rate attributable to risks assessed,Total cancer age-standardized rate mean,0.155233524,,,46.151241,14.995463
Belarus,Age-standardized,1029,Total cancers,169,All risk factors,2019,,,,Relative uncertainty in the percent of risk-attributable rate,Difference between 97.5% percentile and 2.5% percentile of age-standardized rate attributable to risks assessed,Total cancer age-standardized rate mean,0.137643482,,,53.709807,27.953389
Estonia,Age-standardized,1029,Total cancers,169,All risk factors,2019,,,,Relative uncertainty in the percent of risk-attributable rate,Difference between 97.5% percentile and 2.5% percentile of age-standardized rate attributable to risks assessed,Total cancer age-standardized rate mean,0.14027585,,,58.595272,25.013607
Latvia,Age-standardized,1029,Total cancers,169,All risk factors,2019,,,,Relative uncertainty in the percent of risk-attributable rate,Difference between 97.5% percentile and 2.5% percentile of age-standardized rate attributable to risks assessed,Total cancer age-standardized rate mean,0.175605396,,,56.879635,24.603189
Lithuania,Age-standardized,1029,Total cancers,169,All risk factors,2019,,,,Relative uncertainty in the percent of risk-attributable rate,Difference between 97.5% percentile and 2.5% percentile of age-standardized rate attributable to risks assessed,Total cancer age-standardized rate mean,0.1566369,,,55.169438,23.881275
Republic of Moldova,Age-standardized,1029,Total cancers,169,All risk factors,2019,,,,Relative uncertainty in the percent of risk-attributable rate,Difference between 97.5% percentile and 2.5% percentile of age-standardized rate attributable to risks assessed,Total cancer age-standardized rate mean,0.146345914,,,47.411631,28.369885
Russian Federation,Age-standardized,1029,Total cancers,169,All risk factors,2019,,,,Relative uncertainty in the percent of risk-attributable rate,Difference between 97.5% percentile and 2.5% percentile of age-standardized rate attributable to risks assessed,Total cancer age-standardized rate mean,0.156643176,,,61.52401,105.318756
Ukraine,Age-standardized,1029,Total cancers,169,All risk factors,2019,,,,Relative uncertainty in the percent of risk-attributable rate,Difference between 97.5% percentile and 2.5% percentile of age-standardized rate attributable to risks assessed,Total cancer age-standardized rate mean,0.159664509,,,48.379433,31.16558
Australia,Age-standardized,1029,Total cancers,169,All risk factors,2019,,,,Relative uncertainty in the percent of risk-attributable rate,Difference between 97.5% percentile and 2.5% percentile of age-standardized rate attributable to risks assessed,Total cancer age-standardized rate mean,0.143924354,,,-25.274398,133.775136
New Zealand,Age-standardized,1029,Total cancers,169,All risk factors,2019,,,,Relative uncertainty in the percent of risk-attributable rate,Difference between 97.5% percentile and 2.5% percentile of age-standardized rate attributable to risks assessed,Total cancer age-standardized rate mean,0.147953005,,,-40.900557,174.885971
Brunei Darussalam,Age-standardized,1029,Total cancers,169,All risk factors,2019,,,,Relative uncertainty in the percent of risk-attributable rate,Difference between 97.5% percentile and 2.5% percentile of age-standardized rate attributable to risks assessed,Total cancer age-standardized rate mean,0.258022771,,,4.535277,114.727669
Japan,Age-standardized,1029,Total cancers,169,All risk factors,2019,,,,Relative uncertainty in the percent of risk-attributable rate,Difference between 97.5% percentile and 2.5% percentile of age-standardized rate attributable to risks assessed,Total cancer age-standardized rate mean,0.174615386,,,36.204824,138.252924
Republic of Korea,Age-standardized,1029,Total cancers,169,All risk factors,2019,,,,Relative uncertainty in the percent of risk-attributable rate,Difference between 97.5% percentile and 2.5% percentile of age-standardized rate attributable to risks assessed,Total cancer age-standardized rate mean,0.199694975,,,35.907757,127.766922
Singapore,Age-standardized,1029,Total cancers,169,All risk factors,2019,,,,Relative uncertainty in the percent of risk-attributable rate,Difference between 97.5% percentile and 2.5% percentile of age-standardized rate attributable to risks assessed,Total cancer age-standardized rate mean,0.216570554,,,1.352083,103.819836
Canada,Age-standardized,1029,Total cancers,169,All risk factors,2019,,,,Relative uncertainty in the percent of risk-attributable rate,Difference between 97.5% percentile and 2.5% percentile of age-standardized rate attributable to risks assessed,Total cancer age-standardized rate mean,0.136374974,,,56.130366,-106.346771
Greenland,Age-standardized,1029,Total cancers,169,All risk factors,2019,,,,Relative uncertainty in the percent of risk-attributable rate,Difference between 97.5% percentile and 2.5% percentile of age-standardized rate attributable to risks assessed,Total cancer age-standardized rate mean,0.113173144,,,71.706936,-42.604303
United States of America,Age-standardized,1029,Total cancers,169,All risk factors,2019,,,,Relative uncertainty in the percent of risk-attributable rate,Difference between 97.5% percentile and 2.5% percentile of age-standardized rate attributable to risks assessed,Total cancer age-standardized rate mean,0.144122298,,,37.09024,-95.712891
Argentina,Age-standardized,1029,Total cancers,169,All risk factors,2019,,,,Relative uncertainty in the percent of risk-attributable rate,Difference between 97.5% percentile and 2.5% percentile of age-standardized rate attributable to risks assessed,Total cancer age-standardized rate mean,0.159338493,,,-38.416097,-63.616672
Chile,Age-standardized,1029,Total cancers,169,All risk factors,2019,,,,Relative uncertainty in the percent of risk-attributable rate,Difference between 97.5% percentile and 2.5% percentile of age-standardized rate attributable to risks assessed,Total cancer age-standardized rate mean,0.239843608,,,-35.675147,-71.542969
Uruguay,Age-standardized,1029,Total cancers,169,All risk factors,2019,,,,Relative uncertainty in the percent of risk-attributable rate,Difference between 97.5% percentile and 2.5% percentile of age-standardized rate attributable to risks assessed,Total cancer age-standardized rate mean,0.142901968,,,-32.522779,-55.765835
Andorra,Age-standardized,1029,Total cancers,169,All risk factors,2019,,,,Relative uncertainty in the percent of risk-attributable rate,Difference between 97.5% percentile and 2.5% percentile of age-standardized rate attributable to risks assessed,Total cancer age-standardized rate mean,0.139873775,,,42.506285,1.521801
Austria,Age-standardized,1029,Total cancers,169,All risk factors,2019,,,,Relative uncertainty in the percent of risk-attributable rate,Difference between 97.5% percentile and 2.5% percentile of age-standardized rate attributable to risks assessed,Total cancer age-standardized rate mean,0.134940186,,,47.516231,14.550072
Belgium,Age-standardized,1029,Total cancers,169,All risk factors,2019,,,,Relative uncertainty in the percent of risk-attributable rate,Difference between 97.5% percentile and 2.5% percentile of age-standardized rate attributable to risks assessed,Total cancer age-standardized rate mean,0.12302055,,,50.503887,4.469936
Cyprus,Age-standardized,1029,Total cancers,169,All risk factors,2019,,,,Relative uncertainty in the percent of risk-attributable rate,Difference between 97.5% percentile and 2.5% percentile of age-standardized rate attributable to risks assessed,Total cancer age-standardized rate mean,0.169432045,,,35.126413,33.429859
Denmark,Age-standardized,1029,Total cancers,169,All risk factors,2019,,,,Relative uncertainty in the percent of risk-attributable rate,Difference between 97.5% percentile and 2.5% percentile of age-standardized rate attributable to risks assessed,Total cancer age-standardized rate mean,0.12788711,,,56.26392,9.501785
Finland,Age-standardized,1029,Total cancers,169,All risk factors,2019,,,,Relative uncertainty in the percent of risk-attributable rate,Difference between 97.5% percentile and 2.5% percentile of age-standardized rate attributable to risks assessed,Total cancer age-standardized rate mean,0.188906802,,,61.92411,25.748151
France,Age-standardized,1029,Total cancers,169,All risk factors,2019,,,,Relative uncertainty in the percent of risk-attributable rate,Difference between 97.5% percentile and 2.5% percentile of age-standardized rate attributable to risks assessed,Total cancer age-standardized rate mean,0.105995769,,,46.227638,2.213749
Germany,Age-standardized,1029,Total cancers,169,All risk factors,2019,,,,Relative uncertainty in the percent of risk-attributable rate,Difference between 97.5% percentile and 2.5% percentile of age-standardized rate attributable to risks assessed,Total cancer age-standardized rate mean,0.145549718,,,51.165691,10.451526
Greece,Age-standardized,1029,Total cancers,169,All risk factors,2019,,,,Relative uncertainty in the percent of risk-attributable rate,Difference between 97.5% percentile and 2.5% percentile of age-standardized rate attributable to risks assessed,Total cancer age-standardized rate mean,0.123867923,,,39.074208,21.824312
Iceland,Age-standardized,1029,Total cancers,169,All risk factors,2019,,,,Relative uncertainty in the percent of risk-attributable rate,Difference between 97.5% percentile and 2.5% percentile of age-standardized rate attributable to risks assessed,Total cancer age-standardized rate mean,0.145235417,,,64.963051,-19.020835
Ireland,Age-standardized,1029,Total cancers,169,All risk factors,2019,,,,Relative uncertainty in the percent of risk-attributable rate,Difference between 97.5% percentile and 2.5% percentile of age-standardized rate attributable to risks assessed,Total cancer age-standardized rate mean,0.147237588,,,53.1423672,-7.6920536
Israel,Age-standardized,1029,Total cancers,169,All risk factors,2019,,,,Relative uncertainty in the percent of risk-attributable rate,Difference between 97.5% percentile and 2.5% percentile of age-standardized rate attributable to risks assessed,Total cancer age-standardized rate mean,0.193474695,,,31.046051,34.851612
Italy,Age-standardized,1029,Total cancers,169,All risk factors,2019,,,,Relative uncertainty in the percent of risk-attributable rate,Difference between 97.5% percentile and 2.5% percentile of age-standardized rate attributable to risks assessed,Total cancer age-standardized rate mean,0.154615351,,,41.87194,12.56738
Luxembourg,Age-standardized,1029,Total cancers,169,All risk factors,2019,,,,Relative uncertainty in the percent of risk-attributable rate,Difference between 97.5% percentile and 2.5% percentile of age-standardized rate attributable to risks assessed,Total cancer age-standardized rate mean,0.160314151,,,49.815273,6.129583
Malta,Age-standardized,1029,Total cancers,169,All risk factors,2019,,,,Relative uncertainty in the percent of risk-attributable rate,Difference between 97.5% percentile and 2.5% percentile of age-standardized rate attributable to risks assessed,Total cancer age-standardized rate mean,0.171247741,,,35.937496,14.375416
Monaco,Age-standardized,1029,Total cancers,169,All risk factors,2019,,,,Relative uncertainty in the percent of risk-attributable rate,Difference between 97.5% percentile and 2.5% percentile of age-standardized rate attributable to risks assessed,Total cancer age-standardized rate mean,0.166653658,,,43.7384176,7.4246158
Netherlands,Age-standardized,1029,Total cancers,169,All risk factors,2019,,,,Relative uncertainty in the percent of risk-attributable rate,Difference between 97.5% percentile and 2.5% percentile of age-standardized rate attributable to risks assessed,Total cancer age-standardized rate mean,0.12974937,,,52.132633,5.291266
Norway,Age-standardized,1029,Total cancers,169,All risk factors,2019,,,,Relative uncertainty in the percent of risk-attributable rate,Difference between 97.5% percentile and 2.5% percentile of age-standardized rate attributable to risks assessed,Total cancer age-standardized rate mean,0.182011793,,,60.472024,8.468946
Portugal,Age-standardized,1029,Total cancers,169,All risk factors,2019,,,,Relative uncertainty in the percent of risk-attributable rate,Difference between 97.5% percentile and 2.5% percentile of age-standardized rate attributable to risks assessed,Total cancer age-standardized rate mean,0.177367686,,,39.399872,-8.224454
San Marino,Age-standardized,1029,Total cancers,169,All risk factors,2019,,,,Relative uncertainty in the percent of risk-attributable rate,Difference between 97.5% percentile and 2.5% percentile of age-standardized rate attributable to risks assessed,Total cancer age-standardized rate mean,0.208491115,,,43.94236,12.457777
Spain,Age-standardized,1029,Total cancers,169,All risk factors,2019,,,,Relative uncertainty in the percent of risk-attributable rate,Difference between 97.5% percentile and 2.5% percentile of age-standardized rate attributable to risks assessed,Total cancer age-standardized rate mean,0.133310903,,,40.463667,-3.74922
Sweden,Age-standardized,1029,Total cancers,169,All risk factors,2019,,,,Relative uncertainty in the percent of risk-attributable rate,Difference between 97.5% percentile and 2.5% percentile of age-standardized rate attributable to risks assessed,Total cancer age-standardized rate mean,0.164390402,,,60.128161,18.643501
Switzerland,Age-standardized,1029,Total cancers,169,All risk factors,2019,,,,Relative uncertainty in the percent of risk-attributable rate,Difference between 97.5% percentile and 2.5% percentile of age-standardized rate attributable to risks assessed,Total cancer age-standardized rate mean,0.1354347,,,46.818188,8.227512
United Kingdom,Age-standardized,1029,Total cancers,169,All risk factors,2019,,,,Relative uncertainty in the percent of risk-attributable rate,Difference between 97.5% percentile and 2.5% percentile of age-standardized rate attributable to risks assessed,Total cancer age-standardized rate mean,0.141150112,,,55.378051,-3.435973
Bolivia (Plurinational State of),Age-standardized,1029,Total cancers,169,All risk factors,2019,,,,Relative uncertainty in the percent of risk-attributable rate,Difference between 97.5% percentile and 2.5% percentile of age-standardized rate attributable to risks assessed,Total cancer age-standardized rate mean,0.356293397,,,-16.290154,-63.588653
Ecuador,Age-standardized,1029,Total cancers,169,All risk factors,2019,,,,Relative uncertainty in the percent of risk-attributable rate,Difference between 97.5% percentile and 2.5% percentile of age-standardized rate attributable to risks assessed,Total cancer age-standardized rate mean,0.314368889,,,-1.831239,-78.183406
Peru,Age-standardized,1029,Total cancers,169,All risk factors,2019,,,,Relative uncertainty in the percent of risk-attributable rate,Difference between 97.5% percentile and 2.5% percentile of age-standardized rate attributable to risks assessed,Total cancer age-standardized rate mean,0.350074876,,,-9.189967,-75.015152
Antigua and Barbuda,Age-standardized,1029,Total cancers,169,All risk factors,2019,,,,Relative uncertainty in the percent of risk-attributable rate,Difference between 97.5% percentile and 2.5% percentile of age-standardized rate attributable to risks assessed,Total cancer age-standardized rate mean,0.287368972,,,17.060816,-61.796428
Bahamas,Age-standardized,1029,Total cancers,169,All risk factors,2019,,,,Relative uncertainty in the percent of risk-attributable rate,Difference between 97.5% percentile and 2.5% percentile of age-standardized rate attributable to risks assessed,Total cancer age-standardized rate mean,0.255316093,,,25.03428,-77.39628
Barbados,Age-standardized,1029,Total cancers,169,All risk factors,2019,,,,Relative uncertainty in the percent of risk-attributable rate,Difference between 97.5% percentile and 2.5% percentile of age-standardized rate attributable to risks assessed,Total cancer age-standardized rate mean,0.263862887,,,13.193887,-59.543198
Belize,Age-standardized,1029,Total cancers,169,All risk factors,2019,,,,Relative uncertainty in the percent of risk-attributable rate,Difference between 97.5% percentile and 2.5% percentile of age-standardized rate attributable to risks assessed,Total cancer age-standardized rate mean,0.18919181,,,17.189877,-88.49765
Bermuda,Age-standardized,1029,Total cancers,169,All risk factors,2019,,,,Relative uncertainty in the percent of risk-attributable rate,Difference between 97.5% percentile and 2.5% percentile of age-standardized rate attributable to risks assessed,Total cancer age-standardized rate mean,0.191365323,,,32.3078,-64.7505
Cuba,Age-standardized,1029,Total cancers,169,All risk factors,2019,,,,Relative uncertainty in the percent of risk-attributable rate,Difference between 97.5% percentile and 2.5% percentile of age-standardized rate attributable to risks assessed,Total cancer age-standardized rate mean,0.160629718,,,21.521757,-77.781167
Dominica,Age-standardized,1029,Total cancers,169,All risk factors,2019,,,,Relative uncertainty in the percent of risk-attributable rate,Difference between 97.5% percentile and 2.5% percentile of age-standardized rate attributable to risks assessed,Total cancer age-standardized rate mean,0.274019213,,,15.414999,-61.370976
Dominican Republic,Age-standardized,1029,Total cancers,169,All risk factors,2019,,,,Relative uncertainty in the percent of risk-attributable rate,Difference between 97.5% percentile and 2.5% percentile of age-standardized rate attributable to risks assessed,Total cancer age-standardized rate mean,0.183989047,,,18.735693,-70.162651
Grenada,Age-standardized,1029,Total cancers,169,All risk factors,2019,,,,Relative uncertainty in the percent of risk-attributable rate,Difference between 97.5% percentile and 2.5% percentile of age-standardized rate attributable to risks assessed,Total cancer age-standardized rate mean,0.25345582,,,12.1165,-61.679
Guyana,Age-standardized,1029,Total cancers,169,All risk factors,2019,,,,Relative uncertainty in the percent of risk-attributable rate,Difference between 97.5% percentile and 2.5% percentile of age-standardized rate attributable to risks assessed,Total cancer age-standardized rate mean,0.253617734,,,4.860416,-58.93018
Haiti,Age-standardized,1029,Total cancers,169,All risk factors,2019,,,,Relative uncertainty in the percent of risk-attributable rate,Difference between 97.5% percentile and 2.5% percentile of age-standardized rate attributable to risks assessed,Total cancer age-standardized rate mean,0.297932569,,,18.971187,-72.285215
Jamaica,Age-standardized,1029,Total cancers,169,All risk factors,2019,,,,Relative uncertainty in the percent of risk-attributable rate,Difference between 97.5% percentile and 2.5% percentile of age-standardized rate attributable to risks assessed,Total cancer age-standardized rate mean,0.226891627,,,18.109581,-77.297508
Puerto Rico,Age-standardized,1029,Total cancers,169,All risk factors,2019,,,,Relative uncertainty in the percent of risk-attributable rate,Difference between 97.5% percentile and 2.5% percentile of age-standardized rate attributable to risks assessed,Total cancer age-standardized rate mean,0.257195523,,,18.220833,-66.590149
Saint Kitts and Nevis,Age-standardized,1029,Total cancers,169,All risk factors,2019,,,,Relative uncertainty in the percent of risk-attributable rate,Difference between 97.5% percentile and 2.5% percentile of age-standardized rate attributable to risks assessed,Total cancer age-standardized rate mean,0.287318566,,,17.357822,-62.782998
Saint Lucia,Age-standardized,1029,Total cancers,169,All risk factors,2019,,,,Relative uncertainty in the percent of risk-attributable rate,Difference between 97.5% percentile and 2.5% percentile of age-standardized rate attributable to risks assessed,Total cancer age-standardized rate mean,0.254269842,,,13.909444,-60.978893
Saint Vincent and the Grenadines,Age-standardized,1029,Total cancers,169,All risk factors,2019,,,,Relative uncertainty in the percent of risk-attributable rate,Difference between 97.5% percentile and 2.5% percentile of age-standardized rate attributable to risks assessed,Total cancer age-standardized rate mean,0.245076181,,,12.984305,-61.287228
Suriname,Age-standardized,1029,Total cancers,169,All risk factors,2019,,,,Relative uncertainty in the percent of risk-attributable rate,Difference between 97.5% percentile and 2.5% percentile of age-standardized rate attributable to risks assessed,Total cancer age-standardized rate mean,0.216125081,,,3.919305,-56.027783
Trinidad and Tobago,Age-standardized,1029,Total cancers,169,All risk factors,2019,,,,Relative uncertainty in the percent of risk-attributable rate,Difference between 97.5% percentile and 2.5% percentile of age-standardized rate attributable to risks assessed,Total cancer age-standardized rate mean,0.24039967,,,10.691803,-61.222503
United States Virgin Islands,Age-standardized,1029,Total cancers,169,All risk factors,2019,,,,Relative uncertainty in the percent of risk-attributable rate,Difference between 97.5% percentile and 2.5% percentile of age-standardized rate attributable to risks assessed,Total cancer age-standardized rate mean,0.289599396,,,18.335765,-64.896335
Colombia,Age-standardized,1029,Total cancers,169,All risk factors,2019,,,,Relative uncertainty in the percent of risk-attributable rate,Difference between 97.5% percentile and 2.5% percentile of age-standardized rate attributable to risks assessed,Total cancer age-standardized rate mean,0.300837094,,,4.570868,-74.297333
Costa Rica,Age-standardized,1029,Total cancers,169,All risk factors,2019,,,,Relative uncertainty in the percent of risk-attributable rate,Difference between 97.5% percentile and 2.5% percentile of age-standardized rate attributable to risks assessed,Total cancer age-standardized rate mean,0.324792542,,,9.748917,-83.753428
El Salvador,Age-standardized,1029,Total cancers,169,All risk factors,2019,,,,Relative uncertainty in the percent of risk-attributable rate,Difference between 97.5% percentile and 2.5% percentile of age-standardized rate attributable to risks assessed,Total cancer age-standardized rate mean,0.308144445,,,13.794185,-88.89653
Guatemala,Age-standardized,1029,Total cancers,169,All risk factors,2019,,,,Relative uncertainty in the percent of risk-attributable rate,Difference between 97.5% percentile and 2.5% percentile of age-standardized rate attributable to risks assessed,Total cancer age-standardized rate mean,0.358963628,,,15.783471,-90.230759
Honduras,Age-standardized,1029,Total cancers,169,All risk factors,2019,,,,Relative uncertainty in the percent of risk-attributable rate,Difference between 97.5% percentile and 2.5% percentile of age-standardized rate attributable to risks assessed,Total cancer age-standardized rate mean,0.301267464,,,15.199999,-86.241905
Mexico,Age-standardized,1029,Total cancers,169,All risk factors,2019,,,,Relative uncertainty in the percent of risk-attributable rate,Difference between 97.5% percentile and 2.5% percentile of age-standardized rate attributable to risks assessed,Total cancer age-standardized rate mean,0.278045382,,,23.634501,-102.552784
Nicaragua,Age-standardized,1029,Total cancers,169,All risk factors,2019,,,,Relative uncertainty in the percent of risk-attributable rate,Difference between 97.5% percentile and 2.5% percentile of age-standardized rate attributable to risks assessed,Total cancer age-standardized rate mean,0.29443583,,,12.865416,-85.207229
Panama,Age-standardized,1029,Total cancers,169,All risk factors,2019,,,,Relative uncertainty in the percent of risk-attributable rate,Difference between 97.5% percentile and 2.5% percentile of age-standardized rate attributable to risks assessed,Total cancer age-standardized rate mean,0.270601257,,,8.537981,-80.782127
Venezuela (Bolivarian Republic of),Age-standardized,1029,Total cancers,169,All risk factors,2019,,,,Relative uncertainty in the percent of risk-attributable rate,Difference between 97.5% percentile and 2.5% percentile of age-standardized rate attributable to risks assessed,Total cancer age-standardized rate mean,0.231104014,,,6.42375,-66.58973
Brazil,Age-standardized,1029,Total cancers,169,All risk factors,2019,,,,Relative uncertainty in the percent of risk-attributable rate,Difference between 97.5% percentile and 2.5% percentile of age-standardized rate attributable to risks assessed,Total cancer age-standardized rate mean,0.170158685,,,-14.235004,-51.92528
Paraguay,Age-standardized,1029,Total cancers,169,All risk factors,2019,,,,Relative uncertainty in the percent of risk-attributable rate,Difference between 97.5% percentile and 2.5% percentile of age-standardized rate attributable to risks assessed,Total cancer age-standardized rate mean,0.164662849,,,-23.442503,-58.443832
Afghanistan,Age-standardized,1029,Total cancers,169,All risk factors,2019,,,,Relative uncertainty in the percent of risk-attributable rate,Difference between 97.5% percentile and 2.5% percentile of age-standardized rate attributable to risks assessed,Total cancer age-standardized rate mean,0.427405652,,,33.93911,67.709953
Algeria,Age-standardized,1029,Total cancers,169,All risk factors,2019,,,,Relative uncertainty in the percent of risk-attributable rate,Difference between 97.5% percentile and 2.5% percentile of age-standardized rate attributable to risks assessed,Total cancer age-standardized rate mean,0.217214461,,,28.033886,1.659626
Bahrain,Age-standardized,1029,Total cancers,169,All risk factors,2019,,,,Relative uncertainty in the percent of risk-attributable rate,Difference between 97.5% percentile and 2.5% percentile of age-standardized rate attributable to risks assessed,Total cancer age-standardized rate mean,0.280924643,,,26.0667,50.5577
Egypt,Age-standardized,1029,Total cancers,169,All risk factors,2019,,,,Relative uncertainty in the percent of risk-attributable rate,Difference between 97.5% percentile and 2.5% percentile of age-standardized rate attributable to risks assessed,Total cancer age-standardized rate mean,0.245061877,,,26.820553,30.802498
Iran (Islamic Republic of),Age-standardized,1029,Total cancers,169,All risk factors,2019,,,,Relative uncertainty in the percent of risk-attributable rate,Difference between 97.5% percentile and 2.5% percentile of age-standardized rate attributable to risks assessed,Total cancer age-standardized rate mean,0.256693813,,,32.427908,53.688046
Iraq,Age-standardized,1029,Total cancers,169,All risk factors,2019,,,,Relative uncertainty in the percent of risk-attributable rate,Difference between 97.5% percentile and 2.5% percentile of age-standardized rate attributable to risks assessed,Total cancer age-standardized rate mean,0.210531936,,,33.223191,43.679291
Kuwait,Age-standardized,1029,Total cancers,169,All risk factors,2019,,,,Relative uncertainty in the percent of risk-attributable rate,Difference between 97.5% percentile and 2.5% percentile of age-standardized rate attributable to risks assessed,Total cancer age-standardized rate mean,0.247449701,,,29.31166,47.481766
Lebanon,Age-standardized,1029,Total cancers,169,All risk factors,2019,,,,Relative uncertainty in the percent of risk-attributable rate,Difference between 97.5% percentile and 2.5% percentile of age-standardized rate attributable to risks assessed,Total cancer age-standardized rate mean,0.202331822,,,33.854721,35.862285
Libya,Age-standardized,1029,Total cancers,169,All risk factors,2019,,,,Relative uncertainty in the percent of risk-attributable rate,Difference between 97.5% percentile and 2.5% percentile of age-standardized rate attributable to risks assessed,Total cancer age-standardized rate mean,0.224104441,,,26.3351,17.228331
Morocco,Age-standardized,1029,Total cancers,169,All risk factors,2019,,,,Relative uncertainty in the percent of risk-attributable rate,Difference between 97.5% percentile and 2.5% percentile of age-standardized rate attributable to risks assessed,Total cancer age-standardized rate mean,0.218886855,,,31.791702,-7.09262
Oman,Age-standardized,1029,Total cancers,169,All risk factors,2019,,,,Relative uncertainty in the percent of risk-attributable rate,Difference between 97.5% percentile and 2.5% percentile of age-standardized rate attributable to risks assessed,Total cancer age-standardized rate mean,0.316141058,,,21.4735329,55.975413
Palestine,Age-standardized,1029,Total cancers,169,All risk factors,2019,,,,Relative uncertainty in the percent of risk-attributable rate,Difference between 97.5% percentile and 2.5% percentile of age-standardized rate attributable to risks assessed,Total cancer age-standardized rate mean,0.207034597,,,31.952162,35.233154
Qatar,Age-standardized,1029,Total cancers,169,All risk factors,2019,,,,Relative uncertainty in the percent of risk-attributable rate,Difference between 97.5% percentile and 2.5% percentile of age-standardized rate attributable to risks assessed,Total cancer age-standardized rate mean,0.283936586,,,25.354826,51.183884
Saudi Arabia,Age-standardized,1029,Total cancers,169,All risk factors,2019,,,,Relative uncertainty in the percent of risk-attributable rate,Difference between 97.5% percentile and 2.5% percentile of age-standardized rate attributable to risks assessed,Total cancer age-standardized rate mean,0.268676106,,,23.885942,45.079162
Sudan,Age-standardized,1029,Total cancers,169,All risk factors,2019,,,,Relative uncertainty in the percent of risk-attributable rate,Difference between 97.5% percentile and 2.5% percentile of age-standardized rate attributable to risks assessed,Total cancer age-standardized rate mean,0.298826823,,,12.862807,30.217636
Syrian Arab Republic,Age-standardized,1029,Total cancers,169,All risk factors,2019,,,,Relative uncertainty in the percent of risk-attributable rate,Difference between 97.5% percentile and 2.5% percentile of age-standardized rate attributable to risks assessed,Total cancer age-standardized rate mean,0.239189988,,,34.802075,38.996815
Tunisia,Age-standardized,1029,Total cancers,169,All risk factors,2019,,,,Relative uncertainty in the percent of risk-attributable rate,Difference between 97.5% percentile and 2.5% percentile of age-standardized rate attributable to risks assessed,Total cancer age-standardized rate mean,0.184341497,,,33.886917,9.537499
Turkey,Age-standardized,1029,Total cancers,169,All risk factors,2019,,,,Relative uncertainty in the percent of risk-attributable rate,Difference between 97.5% percentile and 2.5% percentile of age-standardized rate attributable to risks assessed,Total cancer age-standardized rate mean,0.150485326,,,38.963745,35.243322
United Arab Emirate,Age-standardized,1029,Total cancers,169,All risk factors,2019,,,,Relative uncertainty in the percent of risk-attributable rate,Difference between 97.5% percentile and 2.5% percentile of age-standardized rate attributable to risks assessed,Total cancer age-standardized rate mean,0.322616286,,,23.424076,53.847818
Yemen,Age-standardized,1029,Total cancers,169,All risk factors,2019,,,,Relative uncertainty in the percent of risk-attributable rate,Difference between 97.5% percentile and 2.5% percentile of age-standardized rate attributable to risks assessed,Total cancer age-standardized rate mean,0.223638431,,,15.552727,48.516388
Bangladesh,Age-standardized,1029,Total cancers,169,All risk factors,2019,,,,Relative uncertainty in the percent of risk-attributable rate,Difference between 97.5% percentile and 2.5% percentile of age-standardized rate attributable to risks assessed,Total cancer age-standardized rate mean,0.250490341,,,23.684994,90.356331
Bhutan,Age-standardized,1029,Total cancers,169,All risk factors,2019,,,,Relative uncertainty in the percent of risk-attributable rate,Difference between 97.5% percentile and 2.5% percentile of age-standardized rate attributable to risks assessed,Total cancer age-standardized rate mean,0.256130579,,,27.514162,90.433601
India,Age-standardized,1029,Total cancers,169,All risk factors,2019,,,,Relative uncertainty in the percent of risk-attributable rate,Difference between 97.5% percentile and 2.5% percentile of age-standardized rate attributable to risks assessed,Total cancer age-standardized rate mean,0.189649807,,,20.593684,78.96288
Nepal,Age-standardized,1029,Total cancers,169,All risk factors,2019,,,,Relative uncertainty in the percent of risk-attributable rate,Difference between 97.5% percentile and 2.5% percentile of age-standardized rate attributable to risks assessed,Total cancer age-standardized rate mean,0.216179934,,,28.394857,84.124008
Pakistan,Age-standardized,1029,Total cancers,169,All risk factors,2019,,,,Relative uncertainty in the percent of risk-attributable rate,Difference between 97.5% percentile and 2.5% percentile of age-standardized rate attributable to risks assessed,Total cancer age-standardized rate mean,0.263709251,,,30.375321,69.345116
China,Age-standardized,1029,Total cancers,169,All risk factors,2019,,,,Relative uncertainty in the percent of risk-attributable rate,Difference between 97.5% percentile and 2.5% percentile of age-standardized rate attributable to risks assessed,Total cancer age-standardized rate mean,0.172758455,,,35.86166,104.195397
Democratic People's Republic of Korea,Age-standardized,1029,Total cancers,169,All risk factors,2019,,,,Relative uncertainty in the percent of risk-attributable rate,Difference between 97.5% percentile and 2.5% percentile of age-standardized rate attributable to risks assessed,Total cancer age-standardized rate mean,0.21637967,,,40.339852,127.510093
Taiwan (Province of China),Age-standardized,1029,Total cancers,169,All risk factors,2019,,,,Relative uncertainty in the percent of risk-attributable rate,Difference between 97.5% percentile and 2.5% percentile of age-standardized rate attributable to risks assessed,Total cancer age-standardized rate mean,0.167464203,,,23.69781,120.960515
American Samoa,Age-standardized,1029,Total cancers,169,All risk factors,2019,,,,Relative uncertainty in the percent of risk-attributable rate,Difference between 97.5% percentile and 2.5% percentile of age-standardized rate attributable to risks assessed,Total cancer age-standardized rate mean,0.258642832,,,-14.270972,-170.132217
Cook Islands,Age-standardized,1029,Total cancers,169,All risk factors,2019,,,,Relative uncertainty in the percent of risk-attributable rate,Difference between 97.5% percentile and 2.5% percentile of age-standardized rate attributable to risks assessed,Total cancer age-standardized rate mean,0.256980836,,,-21.236736,-159.777671
Fiji,Age-standardized,1029,Total cancers,169,All risk factors,2019,,,,Relative uncertainty in the percent of risk-attributable rate,Difference between 97.5% percentile and 2.5% percentile of age-standardized rate attributable to risks assessed,Total cancer age-standardized rate mean,0.27925918,,,-17.713371,178.065032
Guam,Age-standardized,1029,Total cancers,169,All risk factors,2019,,,,Relative uncertainty in the percent of risk-attributable rate,Difference between 97.5% percentile and 2.5% percentile of age-standardized rate attributable to risks assessed,Total cancer age-standardized rate mean,0.219610633,,,13.444304,144.793731
Kiribati,Age-standardized,1029,Total cancers,169,All risk factors,2019,,,,Relative uncertainty in the percent of risk-attributable rate,Difference between 97.5% percentile and 2.5% percentile of age-standardized rate attributable to risks assessed,Total cancer age-standardized rate mean,0.159776759,,,1.8368976,-157.3768317
Marshall Islands,Age-standardized,1029,Total cancers,169,All risk factors,2019,,,,Relative uncertainty in the percent of risk-attributable rate,Difference between 97.5% percentile and 2.5% percentile of age-standardized rate attributable to risks assessed,Total cancer age-standardized rate mean,0.333196323,,,7.131474,171.184478
Micronesia (Federated States of),Age-standardized,1029,Total cancers,169,All risk factors,2019,,,,Relative uncertainty in the percent of risk-attributable rate,Difference between 97.5% percentile and 2.5% percentile of age-standardized rate attributable to risks assessed,Total cancer age-standardized rate mean,0.26735868,,,7.425554,150.550812
Nauru,Age-standardized,1029,Total cancers,169,All risk factors,2019,,,,Relative uncertainty in the percent of risk-attributable rate,Difference between 97.5% percentile and 2.5% percentile of age-standardized rate attributable to risks assessed,Total cancer age-standardized rate mean,0.259972464,,,-0.522778,166.931503
Niue,Age-standardized,1029,Total cancers,169,All risk factors,2019,,,,Relative uncertainty in the percent of risk-attributable rate,Difference between 97.5% percentile and 2.5% percentile of age-standardized rate attributable to risks assessed,Total cancer age-standardized rate mean,0.270800493,,,-19.054445,-169.867233
Northern Mariana Islands,Age-standardized,1029,Total cancers,169,All risk factors,2019,,,,Relative uncertainty in the percent of risk-attributable rate,Difference between 97.5% percentile and 2.5% percentile of age-standardized rate attributable to risks assessed,Total cancer age-standardized rate mean,0.207029481,,,15.0979,145.6739
Palau,Age-standardized,1029,Total cancers,169,All risk factors,2019,,,,Relative uncertainty in the percent of risk-attributable rate,Difference between 97.5% percentile and 2.5% percentile of age-standardized rate attributable to risks assessed,Total cancer age-standardized rate mean,0.226521663,,,7.51498,134.58252
Papua New Guinea,Age-standardized,1029,Total cancers,169,All risk factors,2019,,,,Relative uncertainty in the percent of risk-attributable rate,Difference between 97.5% percentile and 2.5% percentile of age-standardized rate attributable to risks assessed,Total cancer age-standardized rate mean,0.316336734,,,-6.314993,143.95555
Samoa,Age-standardized,1029,Total cancers,169,All risk factors,2019,,,,Relative uncertainty in the percent of risk-attributable rate,Difference between 97.5% percentile and 2.5% percentile of age-standardized rate attributable to risks assessed,Total cancer age-standardized rate mean,0.231311973,,,-13.759029,-172.104629
Solomon Islands,Age-standardized,1029,Total cancers,169,All risk factors,2019,,,,Relative uncertainty in the percent of risk-attributable rate,Difference between 97.5% percentile and 2.5% percentile of age-standardized rate attributable to risks assessed,Total cancer age-standardized rate mean,0.340635026,,,-9.64571,160.156194
Tokelau,Age-standardized,1029,Total cancers,169,All risk factors,2019,,,,Relative uncertainty in the percent of risk-attributable rate,Difference between 97.5% percentile and 2.5% percentile of age-standardized rate attributable to risks assessed,Total cancer age-standardized rate mean,0.250832101,,,-9.2002,-171.8484
Tonga,Age-standardized,1029,Total cancers,169,All risk factors,2019,,,,Relative uncertainty in the percent of risk-attributable rate,Difference between 97.5% percentile and 2.5% percentile of age-standardized rate attributable to risks assessed,Total cancer age-standardized rate mean,0.222167283,,,-21.178986,-175.198242
Tuvalu,Age-standardized,1029,Total cancers,169,All risk factors,2019,,,,Relative uncertainty in the percent of risk-attributable rate,Difference between 97.5% percentile and 2.5% percentile of age-standardized rate attributable to risks assessed,Total cancer age-standardized rate mean,0.257317222,,,-7.109535,177.64933
Vanuatu,Age-standardized,1029,Total cancers,169,All risk factors,2019,,,,Relative uncertainty in the percent of risk-attributable rate,Difference between 97.5% percentile and 2.5% percentile of age-standardized rate attributable to risks assessed,Total cancer age-standardized rate mean,0.269145424,,,-15.376706,166.959158
Cambodia,Age-standardized,1029,Total cancers,169,All risk factors,2019,,,,Relative uncertainty in the percent of risk-attributable rate,Difference between 97.5% percentile and 2.5% percentile of age-standardized rate attributable to risks assessed,Total cancer age-standardized rate mean,0.172207176,,,12.565679,104.990963
Indonesia,Age-standardized,1029,Total cancers,169,All risk factors,2019,,,,Relative uncertainty in the percent of risk-attributable rate,Difference between 97.5% percentile and 2.5% percentile of age-standardized rate attributable to risks assessed,Total cancer age-standardized rate mean,0.207940591,,,-0.789275,113.921327
Lao People's Democratic Republic,Age-standardized,1029,Total cancers,169,All risk factors,2019,,,,Relative uncertainty in the percent of risk-attributable rate,Difference between 97.5% percentile and 2.5% percentile of age-standardized rate attributable to risks assessed,Total cancer age-standardized rate mean,0.185920982,,,19.85627,102.495496
Malaysia,Age-standardized,1029,Total cancers,169,All risk factors,2019,,,,Relative uncertainty in the percent of risk-attributable rate,Difference between 97.5% percentile and 2.5% percentile of age-standardized rate attributable to risks assessed,Total cancer age-standardized rate mean,0.211512147,,,4.210484,101.975766
Maldives,Age-standardized,1029,Total cancers,169,All risk factors,2019,,,,Relative uncertainty in the percent of risk-attributable rate,Difference between 97.5% percentile and 2.5% percentile of age-standardized rate attributable to risks assessed,Total cancer age-standardized rate mean,0.19771414,,,3.202778,73.22068
Mauritius,Age-standardized,1029,Total cancers,169,All risk factors,2019,,,,Relative uncertainty in the percent of risk-attributable rate,Difference between 97.5% percentile and 2.5% percentile of age-standardized rate attributable to risks assessed,Total cancer age-standardized rate mean,0.284779661,,,-20.348404,57.552152
Myanmar,Age-standardized,1029,Total cancers,169,All risk factors,2019,,,,Relative uncertainty in the percent of risk-attributable rate,Difference between 97.5% percentile and 2.5% percentile of age-standardized rate attributable to risks assessed,Total cancer age-standardized rate mean,0.234433547,,,21.916221,95.955974
Philippines,Age-standardized,1029,Total cancers,169,All risk factors,2019,,,,Relative uncertainty in the percent of risk-attributable rate,Difference between 97.5% percentile and 2.5% percentile of age-standardized rate attributable to risks assessed,Total cancer age-standardized rate mean,0.175153035,,,12.879721,121.774017
Seychelles,Age-standardized,1029,Total cancers,169,All risk factors,2019,,,,Relative uncertainty in the percent of risk-attributable rate,Difference between 97.5% percentile and 2.5% percentile of age-standardized rate attributable to risks assessed,Total cancer age-standardized rate mean,0.192078426,,,-4.679574,55.491977
Sri Lanka,Age-standardized,1029,Total cancers,169,All risk factors,2019,,,,Relative uncertainty in the percent of risk-attributable rate,Difference between 97.5% percentile and 2.5% percentile of age-standardized rate attributable to risks assessed,Total cancer age-standardized rate mean,0.241623617,,,7.873054,80.771797
Thailand,Age-standardized,1029,Total cancers,169,All risk factors,2019,,,,Relative uncertainty in the percent of risk-attributable rate,Difference between 97.5% percentile and 2.5% percentile of age-standardized rate attributable to risks assessed,Total cancer age-standardized rate mean,0.176716753,,,15.870032,100.992541
Timor-Leste,Age-standardized,1029,Total cancers,169,All risk factors,2019,,,,Relative uncertainty in the percent of risk-attributable rate,Difference between 97.5% percentile and 2.5% percentile of age-standardized rate attributable to risks assessed,Total cancer age-standardized rate mean,0.220970447,,,-8.874217,125.727539
Viet Nam,Age-standardized,1029,Total cancers,169,All risk factors,2019,,,,Relative uncertainty in the percent of risk-attributable rate,Difference between 97.5% percentile and 2.5% percentile of age-standardized rate attributable to risks assessed,Total cancer age-standardized rate mean,0.155510064,,,14.058324,108.277199
Angola,Age-standardized,1029,Total cancers,169,All risk factors,2019,,,,Relative uncertainty in the percent of risk-attributable rate,Difference between 97.5% percentile and 2.5% percentile of age-standardized rate attributable to risks assessed,Total cancer age-standardized rate mean,0.190804676,,,-11.202692,17.873887
Central African Republic,Age-standardized,1029,Total cancers,169,All risk factors,2019,,,,Relative uncertainty in the percent of risk-attributable rate,Difference between 97.5% percentile and 2.5% percentile of age-standardized rate attributable to risks assessed,Total cancer age-standardized rate mean,0.267417541,,,6.611111,20.939444
Congo,Age-standardized,1029,Total cancers,169,All risk factors,2019,,,,Relative uncertainty in the percent of risk-attributable rate,Difference between 97.5% percentile and 2.5% percentile of age-standardized rate attributable to risks assessed,Total cancer age-standardized rate mean,0.21106224,,,-4.038333,21.758664
Democratic Republic of the Congo,Age-standardized,1029,Total cancers,169,All risk factors,2019,,,,Relative uncertainty in the percent of risk-attributable rate,Difference between 97.5% percentile and 2.5% percentile of age-standardized rate attributable to risks assessed,Total cancer age-standardized rate mean,0.303676054,,,-4.038333,21.758664
Equatorial Guinea,Age-standardized,1029,Total cancers,169,All risk factors,2019,,,,Relative uncertainty in the percent of risk-attributable rate,Difference between 97.5% percentile and 2.5% percentile of age-standardized rate attributable to risks assessed,Total cancer age-standardized rate mean,0.215683959,,,1.650801,10.267895
Gabon,Age-standardized,1029,Total cancers,169,All risk factors,2019,,,,Relative uncertainty in the percent of risk-attributable rate,Difference between 97.5% percentile and 2.5% percentile of age-standardized rate attributable to risks assessed,Total cancer age-standardized rate mean,0.218059499,,,-0.803689,11.609444
Burundi,Age-standardized,1029,Total cancers,169,All risk factors,2019,,,,Relative uncertainty in the percent of risk-attributable rate,Difference between 97.5% percentile and 2.5% percentile of age-standardized rate attributable to risks assessed,Total cancer age-standardized rate mean,0.226156844,,,-3.373056,29.918886
Comoros,Age-standardized,1029,Total cancers,169,All risk factors,2019,,,,Relative uncertainty in the percent of risk-attributable rate,Difference between 97.5% percentile and 2.5% percentile of age-standardized rate attributable to risks assessed,Total cancer age-standardized rate mean,0.265724672,,,-11.6455,43.3333
Djibouti,Age-standardized,1029,Total cancers,169,All risk factors,2019,,,,Relative uncertainty in the percent of risk-attributable rate,Difference between 97.5% percentile and 2.5% percentile of age-standardized rate attributable to risks assessed,Total cancer age-standardized rate mean,0.266741664,,,11.825138,42.590275
Eritrea,Age-standardized,1029,Total cancers,169,All risk factors,2019,,,,Relative uncertainty in the percent of risk-attributable rate,Difference between 97.5% percentile and 2.5% percentile of age-standardized rate attributable to risks assessed,Total cancer age-standardized rate mean,0.235739413,,,15.179384,39.782334
Ethiopia,Age-standardized,1029,Total cancers,169,All risk factors,2019,,,,Relative uncertainty in the percent of risk-attributable rate,Difference between 97.5% percentile and 2.5% percentile of age-standardized rate attributable to risks assessed,Total cancer age-standardized rate mean,0.345586616,,,9.145,40.489673
Kenya,Age-standardized,1029,Total cancers,169,All risk factors,2019,,,,Relative uncertainty in the percent of risk-attributable rate,Difference between 97.5% percentile and 2.5% percentile of age-standardized rate attributable to risks assessed,Total cancer age-standardized rate mean,0.256707298,,,-0.023559,37.906193
Madagascar,Age-standardized,1029,Total cancers,169,All risk factors,2019,,,,Relative uncertainty in the percent of risk-attributable rate,Difference between 97.5% percentile and 2.5% percentile of age-standardized rate attributable to risks assessed,Total cancer age-standardized rate mean,0.232436358,,,-18.766947,46.869107
Malawi,Age-standardized,1029,Total cancers,169,All risk factors,2019,,,,Relative uncertainty in the percent of risk-attributable rate,Difference between 97.5% percentile and 2.5% percentile of age-standardized rate attributable to risks assessed,Total cancer age-standardized rate mean,0.25865394,,,-13.254308,34.301525
Mozambique,Age-standardized,1029,Total cancers,169,All risk factors,2019,,,,Relative uncertainty in the percent of risk-attributable rate,Difference between 97.5% percentile and 2.5% percentile of age-standardized rate attributable to risks assessed,Total cancer age-standardized rate mean,0.215917196,,,-18.665695,35.529562
Rwanda,Age-standardized,1029,Total cancers,169,All risk factors,2019,,,,Relative uncertainty in the percent of risk-attributable rate,Difference between 97.5% percentile and 2.5% percentile of age-standardized rate attributable to risks assessed,Total cancer age-standardized rate mean,0.223002613,,,-1.940278,29.873888
Somalia,Age-standardized,1029,Total cancers,169,All risk factors,2019,,,,Relative uncertainty in the percent of risk-attributable rate,Difference between 97.5% percentile and 2.5% percentile of age-standardized rate attributable to risks assessed,Total cancer age-standardized rate mean,0.281396754,,,5.152149,46.199616
South Sudan,Age-standardized,1029,Total cancers,169,All risk factors,2019,,,,Relative uncertainty in the percent of risk-attributable rate,Difference between 97.5% percentile and 2.5% percentile of age-standardized rate attributable to risks assessed,Total cancer age-standardized rate mean,0.29198751,,,6.8769919,31.3069788
Uganda,Age-standardized,1029,Total cancers,169,All risk factors,2019,,,,Relative uncertainty in the percent of risk-attributable rate,Difference between 97.5% percentile and 2.5% percentile of age-standardized rate attributable to risks assessed,Total cancer age-standardized rate mean,0.192218444,,,1.373333,32.290275
United Republic of Tanzania,Age-standardized,1029,Total cancers,169,All risk factors,2019,,,,Relative uncertainty in the percent of risk-attributable rate,Difference between 97.5% percentile and 2.5% percentile of age-standardized rate attributable to risks assessed,Total cancer age-standardized rate mean,0.227058165,,,-6.369028,34.888822
Zambia,Age-standardized,1029,Total cancers,169,All risk factors,2019,,,,Relative uncertainty in the percent of risk-attributable rate,Difference between 97.5% percentile and 2.5% percentile of age-standardized rate attributable to risks assessed,Total cancer age-standardized rate mean,0.190295445,,,-13.133897,27.849332
Botswana,Age-standardized,1029,Total cancers,169,All risk factors,2019,,,,Relative uncertainty in the percent of risk-attributable rate,Difference between 97.5% percentile and 2.5% percentile of age-standardized rate attributable to risks assessed,Total cancer age-standardized rate mean,0.163368348,,,-22.328474,24.684866
Eswatini,Age-standardized,1029,Total cancers,169,All risk factors,2019,,,,Relative uncertainty in the percent of risk-attributable rate,Difference between 97.5% percentile and 2.5% percentile of age-standardized rate attributable to risks assessed,Total cancer age-standardized rate mean,0.237579136,,,-26.522503,31.465866
Lesotho,Age-standardized,1029,Total cancers,169,All risk factors,2019,,,,Relative uncertainty in the percent of risk-attributable rate,Difference between 97.5% percentile and 2.5% percentile of age-standardized rate attributable to risks assessed,Total cancer age-standardized rate mean,0.210260292,,,-29.609988,28.233608
Namibia,Age-standardized,1029,Total cancers,169,All risk factors,2019,,,,Relative uncertainty in the percent of risk-attributable rate,Difference between 97.5% percentile and 2.5% percentile of age-standardized rate attributable to risks assessed,Total cancer age-standardized rate mean,0.17130175,,,-22.95764,18.49041
South Africa,Age-standardized,1029,Total cancers,169,All risk factors,2019,,,,Relative uncertainty in the percent of risk-attributable rate,Difference between 97.5% percentile and 2.5% percentile of age-standardized rate attributable to risks assessed,Total cancer age-standardized rate mean,0.143661281,,,-30.559482,22.937506
Zimbabwe,Age-standardized,1029,Total cancers,169,All risk factors,2019,,,,Relative uncertainty in the percent of risk-attributable rate,Difference between 97.5% percentile and 2.5% percentile of age-standardized rate attributable to risks assessed,Total cancer age-standardized rate mean,0.194998975,,,-19.015438,29.154857
Benin,Age-standardized,1029,Total cancers,169,All risk factors,2019,,,,Relative uncertainty in the percent of risk-attributable rate,Difference between 97.5% percentile and 2.5% percentile of age-standardized rate attributable to risks assessed,Total cancer age-standardized rate mean,0.230893246,,,9.30769,2.315834
Burkina Faso,Age-standardized,1029,Total cancers,169,All risk factors,2019,,,,Relative uncertainty in the percent of risk-attributable rate,Difference between 97.5% percentile and 2.5% percentile of age-standardized rate attributable to risks assessed,Total cancer age-standardized rate mean,0.239171339,,,12.238333,-1.561593
Cabo Verde,Age-standardized,1029,Total cancers,169,All risk factors,2019,,,,Relative uncertainty in the percent of risk-attributable rate,Difference between 97.5% percentile and 2.5% percentile of age-standardized rate attributable to risks assessed,Total cancer age-standardized rate mean,0.300789718,,,16.5388,-23.0418
Cameroon,Age-standardized,1029,Total cancers,169,All risk factors,2019,,,,Relative uncertainty in the percent of risk-attributable rate,Difference between 97.5% percentile and 2.5% percentile of age-standardized rate attributable to risks assessed,Total cancer age-standardized rate mean,0.260151797,,,7.369722,12.354722
Chad,Age-standardized,1029,Total cancers,169,All risk factors,2019,,,,Relative uncertainty in the percent of risk-attributable rate,Difference between 97.5% percentile and 2.5% percentile of age-standardized rate attributable to risks assessed,Total cancer age-standardized rate mean,0.251265227,,,15.454166,18.732207
Cte d'Ivoire,Age-standardized,1029,Total cancers,169,All risk factors,2019,,,,Relative uncertainty in the percent of risk-attributable rate,Difference between 97.5% percentile and 2.5% percentile of age-standardized rate attributable to risks assessed,Total cancer age-standardized rate mean,0.225156112,,,7.539989,-5.54708
Gambia,Age-standardized,1029,Total cancers,169,All risk factors,2019,,,,Relative uncertainty in the percent of risk-attributable rate,Difference between 97.5% percentile and 2.5% percentile of age-standardized rate attributable to risks assessed,Total cancer age-standardized rate mean,0.267961497,,,13.443182,-15.310139
Ghana,Age-standardized,1029,Total cancers,169,All risk factors,2019,,,,Relative uncertainty in the percent of risk-attributable rate,Difference between 97.5% percentile and 2.5% percentile of age-standardized rate attributable to risks assessed,Total cancer age-standardized rate mean,0.273734758,,,7.946527,-1.023194
Guinea,Age-standardized,1029,Total cancers,169,All risk factors,2019,,,,Relative uncertainty in the percent of risk-attributable rate,Difference between 97.5% percentile and 2.5% percentile of age-standardized rate attributable to risks assessed,Total cancer age-standardized rate mean,0.224130924,,,9.945587,-9.696645
Guinea-Bissau,Age-standardized,1029,Total cancers,169,All risk factors,2019,,,,Relative uncertainty in the percent of risk-attributable rate,Difference between 97.5% percentile and 2.5% percentile of age-standardized rate attributable to risks assessed,Total cancer age-standardized rate mean,0.292788216,,,11.803749,-15.180413
Liberia,Age-standardized,1029,Total cancers,169,All risk factors,2019,,,,Relative uncertainty in the percent of risk-attributable rate,Difference between 97.5% percentile and 2.5% percentile of age-standardized rate attributable to risks assessed,Total cancer age-standardized rate mean,0.250377362,,,6.428055,-9.429499
Mali,Age-standardized,1029,Total cancers,169,All risk factors,2019,,,,Relative uncertainty in the percent of risk-attributable rate,Difference between 97.5% percentile and 2.5% percentile of age-standardized rate attributable to risks assessed,Total cancer age-standardized rate mean,0.294156882,,,17.570692,-3.996166
Mauritania,Age-standardized,1029,Total cancers,169,All risk factors,2019,,,,Relative uncertainty in the percent of risk-attributable rate,Difference between 97.5% percentile and 2.5% percentile of age-standardized rate attributable to risks assessed,Total cancer age-standardized rate mean,0.223543849,,,21.00789,-10.940835
Niger,Age-standardized,1029,Total cancers,169,All risk factors,2019,,,,Relative uncertainty in the percent of risk-attributable rate,Difference between 97.5% percentile and 2.5% percentile of age-standardized rate attributable to risks assessed,Total cancer age-standardized rate mean,0.283759974,,,17.607789,8.081666
Nigeria,Age-standardized,1029,Total cancers,169,All risk factors,2019,,,,Relative uncertainty in the percent of risk-attributable rate,Difference between 97.5% percentile and 2.5% percentile of age-standardized rate attributable to risks assessed,Total cancer age-standardized rate mean,0.346479686,,,9.081999,8.675277
Sao Tome and Principe,Age-standardized,1029,Total cancers,169,All risk factors,2019,,,,Relative uncertainty in the percent of risk-attributable rate,Difference between 97.5% percentile and 2.5% percentile of age-standardized rate attributable to risks assessed,Total cancer age-standardized rate mean,0.241095629,,,0.18636,6.613081
Senegal,Age-standardized,1029,Total cancers,169,All risk factors,2019,,,,Relative uncertainty in the percent of risk-attributable rate,Difference between 97.5% percentile and 2.5% percentile of age-standardized rate attributable to risks assessed,Total cancer age-standardized rate mean,0.244018177,,,14.497401,-14.452362
Sierra Leone,Age-standardized,1029,Total cancers,169,All risk factors,2019,,,,Relative uncertainty in the percent of risk-attributable rate,Difference between 97.5% percentile and 2.5% percentile of age-standardized rate attributable to risks assessed,Total cancer age-standardized rate mean,0.209304909,,,8.460555,-11.779889
Togo,Age-standardized,1029,Total cancers,169,All risk factors,2019,,,,Relative uncertainty in the percent of risk-attributable rate,Difference between 97.5% percentile and 2.5% percentile of age-standardized rate attributable to risks assessed,Total cancer age-standardized rate mean,0.211607833,,,8.619543,0.824782
"Southeast Asia, East Asia, and Oceania",All Ages,1029,Total cancers,104,Metabolic risks,,2010,2019,,Absolute difference in number,,,1752067.109,3357418.065,775580.5204,-2.2179704,115.66283
"Southeast Asia, East Asia, and Oceania",All Ages,1029,Total cancers,202,Environmental/occupational risks,,2010,2019,,Absolute difference in number,,,1158259.444,2440314.965,98543.09204,-2.2179704,115.66283
"Southeast Asia, East Asia, and Oceania",All Ages,1029,Total cancers,203,Behavioral risks,,2010,2019,,Absolute difference in number,,,5649698.445,11495398.14,665566.2026,-2.2179704,115.66283
"Central Europe, Eastern Europe, and Central Asia",All Ages,1029,Total cancers,104,Metabolic risks,,2010,2019,,Absolute difference in number,,,266983.53,499855.3119,100484.9242,50.3784723,14.9705982
"Central Europe, Eastern Europe, and Central Asia",All Ages,1029,Total cancers,202,Environmental/occupational risks,,2010,2019,,Absolute difference in number,,,97232.0825,213482.963,6658.721079,50.3784723,14.9705982
"Central Europe, Eastern Europe, and Central Asia",All Ages,1029,Total cancers,203,Behavioral risks,,2010,2019,,Absolute difference in number,,,23247.06921,809213.2159,11974.36686,50.3784723,14.9705982
Latin America and Caribbean,All Ages,1029,Total cancers,104,Metabolic risks,,2010,2019,,Absolute difference in number,,,409802.428,679317.7716,219645.2055,21.4691137,-78.6568942
Latin America and Caribbean,All Ages,1029,Total cancers,202,Environmental/occupational risks,,2010,2019,,Absolute difference in number,,,81886.88861,147528.9473,28518.32225,21.4691137,-78.6568942
Latin America and Caribbean,All Ages,1029,Total cancers,203,Behavioral risks,,2010,2019,,Absolute difference in number,,,576465.0644,942513.039,256699.5112,21.4691137,-78.6568942
North Africa and Middle East,All Ages,1029,Total cancers,104,Metabolic risks,,2010,2019,,Absolute difference in number,,,406129.5778,663762.28,227650.1916,26.0197776,32.277834
North Africa and Middle East,All Ages,1029,Total cancers,202,Environmental/occupational risks,,2010,2019,,Absolute difference in number,,,145892.4246,258077.4618,49051.03215,26.0197776,32.277834
North Africa and Middle East,All Ages,1029,Total cancers,203,Behavioral risks,,2010,2019,,Absolute difference in number,,,777412.6229,1113037.896,474079.4304,26.0197776,32.277834
South Asia,All Ages,1029,Total cancers,104,Metabolic risks,,2010,2019,,Absolute difference in number,,,773992.3911,1355898.392,364307.957,25.03764,76.4563087
South Asia,All Ages,1029,Total cancers,202,Environmental/occupational risks,,2010,2019,,Absolute difference in number,,,401515.4958,627237.6766,191569.0682,25.03764,76.4563087
South Asia,All Ages,1029,Total cancers,203,Behavioral risks,,2010,2019,,Absolute difference in number,,,2377787.299,3667770.249,1224203.87,25.03764,76.4563087
Sub-Saharan Africa,All Ages,1029,Total cancers,104,Metabolic risks,,2010,2019,,Absolute difference in number,,,246171.979,399875.5471,138872.6627,-8.783195,34.508523
Sub-Saharan Africa,All Ages,1029,Total cancers,202,Environmental/occupational risks,,2010,2019,,Absolute difference in number,,,105828.0556,174931.7103,45165.88506,-8.783195,34.508523
Sub-Saharan Africa,All Ages,1029,Total cancers,203,Behavioral risks,,2010,2019,,Absolute difference in number,,,838109.9541,1358336.939,409597.2415,-8.783195,34.508523
"Southeast Asia, East Asia, and Oceania",All Ages,1029,Total cancers,104,Metabolic risks,,2010,2019,,Absolute difference in number,,,73814.69898,142069.2851,32319.82424,-2.2179704,115.66283
"Southeast Asia, East Asia, and Oceania",All Ages,1029,Total cancers,202,Environmental/occupational risks,,2010,2019,,Absolute difference in number,,,60847.97978,114728.366,12616.21347,-2.2179704,115.66283
"Southeast Asia, East Asia, and Oceania",All Ages,1029,Total cancers,203,Behavioral risks,,2010,2019,,Absolute difference in number,,,284054.1495,520436.7335,68707.23516,-2.2179704,115.66283
"Central Europe, Eastern Europe, and Central Asia",All Ages,1029,Total cancers,104,Metabolic risks,,2010,2019,,Absolute difference in number,,,13574.93942,24665.50877,5842.776168,50.3784723,14.9705982
"Central Europe, Eastern Europe, and Central Asia",All Ages,1029,Total cancers,202,Environmental/occupational risks,,2010,2019,,Absolute difference in number,,,2394.36793,7017.25652,100.0634882,50.3784723,14.9705982
"Central Europe, Eastern Europe, and Central Asia",All Ages,1029,Total cancers,203,Behavioral risks,,2010,2019,,Absolute difference in number,,,8689.174539,36211.24629,471.036556,50.3784723,14.9705982
Latin America and Caribbean,All Ages,1029,Total cancers,104,Metabolic risks,,2010,2019,,Absolute difference in number,,,18608.12194,31078.53747,10118.12515,21.4691137,-78.6568942
Latin America and Caribbean,All Ages,1029,Total cancers,202,Environmental/occupational risks,,2010,2019,,Absolute difference in number,,,4168.630203,6809.696628,1904.194756,21.4691137,-78.6568942
Latin America and Caribbean,All Ages,1029,Total cancers,203,Behavioral risks,,2010,2019,,Absolute difference in number,,,27551.19592,40865.09819,15862.75921,21.4691137,-78.6568942
North Africa and Middle East,All Ages,1029,Total cancers,104,Metabolic risks,,2010,2019,,Absolute difference in number,,,16001.14939,26194.65062,8947.41307,26.0197776,32.277834
North Africa and Middle East,All Ages,1029,Total cancers,202,Environmental/occupational risks,,2010,2019,,Absolute difference in number,,,5861.409185,10374.11563,2059.195167,26.0197776,32.277834
North Africa and Middle East,All Ages,1029,Total cancers,203,Behavioral risks,,2010,2019,,Absolute difference in number,,,30585.58053,43387.92571,19447.8323,26.0197776,32.277834
South Asia,All Ages,1029,Total cancers,104,Metabolic risks,,2010,2019,,Absolute difference in number,,,31811.52553,55212.84171,14714.90488,25.03764,76.4563087
South Asia,All Ages,1029,Total cancers,202,Environmental/occupational risks,,2010,2019,,Absolute difference in number,,,16962.10351,25399.31583,8842.537588,25.03764,76.4563087
South Asia,All Ages,1029,Total cancers,203,Behavioral risks,,2010,2019,,Absolute difference in number,,,98012.88272,145955.1527,55607.96193,25.03764,76.4563087
Sub-Saharan Africa,All Ages,1029,Total cancers,104,Metabolic risks,,2010,2019,,Absolute difference in number,,,9653.222977,15306.1121,5371.745221,-8.783195,34.508523
Sub-Saharan Africa,All Ages,1029,Total cancers,202,Environmental/occupational risks,,2010,2019,,Absolute difference in number,,,4093.962975,6537.858189,1976.581084,-8.783195,34.508523
Sub-Saharan Africa,All Ages,1029,Total cancers,203,Behavioral risks,,2010,2019,,Absolute difference in number,,,27984.86708,42917.84096,15773.44233,-8.783195,34.508523
